{"Labels": {"_type": "images/separated", "width": 2000, "height": 2000, "format": "jpg", "count": 2, "captions": ["labels_correlogram.jpg", "labels.jpg"]}, "Mosaics": {"_type": "images/separated", "width": 1280, "height": 1280, "format": "jpg", "count": 3, "captions": ["train_batch1.jpg", "train_batch0.jpg", "train_batch2.jpg"]}, "train/box_loss": 0.06737279146909714, "train/obj_loss": 0.025504322722554207, "train/cls_loss": 0.05385523661971092, "metrics/precision": 0.34571506439674654, "metrics/recall": 0.4022083747465226, "metrics/mAP_0.5": 0.3088500942413478, "metrics/mAP_0.5:0.95": 0.13555081339842562, "val/box_loss": 0.056813403964042664, "val/obj_loss": 0.02431407943367958, "val/cls_loss": 0.045616257935762405, "x/lr0": 0.0028848696310811604, "x/lr1": 0.0028848696310811604, "x/lr2": 0.07398486963108117, "_runtime": 138, "_timestamp": 1627212968, "_step": 9}